{
  "corner_pixels": [
    [
      146,
      95
    ],
    [
      493,
      75
    ],
    [
      490,
      447
    ],
    [
      161,
      459
    ]
  ],
  "corner_world_camera_frame": [
    [
      -1276.2593994140625,
      -1103.134033203125,
      3474.0
    ],
    [
      1234.7015380859375,
      -1230.81787109375,
      3448.0
    ],
    [
      1255.645751953125,
      1343.2021484375,
      3569.0
    ],
    [
      -1203.9393310546875,
      1433.228515625,
      3583.0
    ]
  ],
  "corner_sample_pixels": [
    [
      146,
      95
    ],
    [
      493,
      75
    ],
    [
      490,
      447
    ],
    [
      161,
      459
    ]
  ]
}