{
  "corner_pixels": [
    [
      143,
      90
    ],
    [
      478,
      73
    ],
    [
      488,
      433
    ],
    [
      160,
      447
    ]
  ],
  "corner_world_camera_frame": [
    [
      -1328.6873779296875,
      -1164.2216796875,
      3556.0
    ],
    [
      1159.24462890625,
      -1280.502685546875,
      3548.0
    ],
    [
      1268.533447265625,
      1272.605224609375,
      3649.0
    ],
    [
      -1239.8311767578125,
      1380.0848388671875,
      3667.0
    ]
  ],
  "corner_sample_pixels": [
    [
      143,
      90
    ],
    [
      478,
      73
    ],
    [
      488,
      433
    ],
    [
      160,
      447
    ]
  ]
}