{
  "color_topmask": {
    "detections": 42,
    "scores": [
      0.6661248803138733,
      0.6570802927017212,
      0.6441441774368286,
      0.6213736534118652,
      0.5730637907981873,
      0.4690195918083191,
      0.4648779630661011,
      0.4533645510673523,
      0.41722071170806885,
      0.415147066116333,
      0.40111780166625977,
      0.3995315730571747,
      0.38682085275650024,
      0.35720425844192505,
      0.3501041531562805,
      0.31356745958328247,
      0.30403441190719604,
      0.3017720878124237,
      0.2920362055301666,
      0.2831752896308899,
      0.2777433395385742,
      0.2727743089199066,
      0.247171550989151,
      0.24440458416938782,
      0.23746654391288757,
      0.2268511950969696,
      0.213791161775589,
      0.2135566771030426,
      0.2101694941520691,
      0.20925432443618774,
      0.19164004921913147,
      0.18896988034248352,
      0.1887625753879547,
      0.18688815832138062,
      0.1867184340953827,
      0.18585532903671265,
      0.1734059751033783,
      0.17305782437324524,
      0.16056513786315918,
      0.15718278288841248,
      0.15312036871910095,
      0.15288501977920532
    ],
    "mask_pixels": [
      2086,
      2121,
      1695,
      2171,
      1026,
      2811,
      6428,
      382,
      1083,
      678,
      2236,
      2373,
      1479,
      1433,
      710,
      1294,
      2352,
      984,
      971,
      1230,
      893,
      903,
      85,
      1279,
      953,
      895,
      904,
      950,
      995,
      1294,
      724,
      1330,
      865,
      915,
      921,
      1185,
      667,
      1292,
      1263,
      1643,
      1022,
      855
    ]
  },
  "transformed_color": {
    "detections": 44,
    "scores": [
      0.6882504224777222,
      0.6025336384773254,
      0.5893248319625854,
      0.5753105282783508,
      0.5508549809455872,
      0.5428341627120972,
      0.5380361676216125,
      0.5333111882209778,
      0.5332449674606323,
      0.5288772583007812,
      0.5066512227058411,
      0.4742189645767212,
      0.4543832540512085,
      0.4423506557941437,
      0.4199860692024231,
      0.41342073678970337,
      0.3924325704574585,
      0.36533910036087036,
      0.3645492196083069,
      0.34092748165130615,
      0.34030652046203613,
      0.32497406005859375,
      0.3227129280567169,
      0.32224196195602417,
      0.31324321031570435,
      0.30442577600479126,
      0.28494954109191895,
      0.27053651213645935,
      0.2673164904117584,
      0.2537442147731781,
      0.24532511830329895,
      0.23378151655197144,
      0.23196867108345032,
      0.20248153805732727,
      0.1888253390789032,
      0.18832352757453918,
      0.1790546178817749,
      0.17750883102416992,
      0.16521310806274414,
      0.16215035319328308,
      0.1556209921836853,
      0.15412676334381104,
      0.15237602591514587,
      0.1501137614250183
    ],
    "mask_pixels": [
      6951,
      1003,
      71,
      2230,
      963,
      1534,
      2397,
      1540,
      2380,
      2388,
      2288,
      1656,
      1577,
      331,
      2055,
      1228,
      826,
      986,
      1768,
      865,
      1000,
      1858,
      808,
      274,
      1339,
      1417,
      933,
      1225,
      422,
      1557,
      1046,
      1829,
      1691,
      1083,
      1767,
      684,
      1144,
      2245,
      1079,
      1730,
      946,
      457,
      787,
      859
    ]
  },
  "ir_clahe_topmask": {
    "detections": 25,
    "scores": [
      0.6771109104156494,
      0.6477545499801636,
      0.5855972766876221,
      0.5767823457717896,
      0.5430587530136108,
      0.4867800176143646,
      0.45456770062446594,
      0.4239129424095154,
      0.4204586446285248,
      0.39744946360588074,
      0.38512662053108215,
      0.3618977665901184,
      0.34912610054016113,
      0.32735711336135864,
      0.2837458848953247,
      0.2752264738082886,
      0.27441978454589844,
      0.2222728133201599,
      0.2170836329460144,
      0.21571606397628784,
      0.20038196444511414,
      0.17536619305610657,
      0.16755598783493042,
      0.16157272458076477,
      0.15367287397384644
    ],
    "mask_pixels": [
      1888,
      1796,
      2811,
      1820,
      1655,
      2567,
      1491,
      2492,
      2223,
      1616,
      1808,
      1311,
      725,
      1885,
      1646,
      1879,
      1334,
      1676,
      528,
      656,
      1218,
      1305,
      830,
      913,
      1461
    ]
  }
}