{"X":572.2000122070313,"Y":756.2000122070313,"Z":485.0}