{"X":-260.0,"Y":1781.9200439453125,"Z":1267.800048828125}