{
  "color_topmask": {
    "detections": 42,
    "vertical_candidates": 18,
    "horizontal_candidates": 20,
    "vertical_lines": [
      114.40567779541016,
      178.75594329833984,
      207.87407684326172,
      235.42829132080078,
      254.59452056884766,
      267.1804656982422,
      290.5746765136719,
      322.39488220214844,
      350.29246520996094,
      376.92015075683594,
      410.30179595947266,
      444.3854064941406,
      461.4988327026367,
      491.9169921875,
      519.6755676269531,
      562.0873718261719
    ],
    "horizontal_lines": [
      108.56602605183919,
      134.97429809570312,
      164.46459197998047,
      192.75931358337402,
      214.28187561035156,
      328.96815490722656,
      356.04566955566406,
      386.5431823730469,
      414.9545135498047
    ],
    "grid_points": 144
  },
  "transformed_color_topmask": {
    "detections": 46,
    "vertical_candidates": 18,
    "horizontal_candidates": 21,
    "vertical_lines": [
      93.53219985961914,
      131.80025482177734,
      227.42604064941406,
      245.0227394104004,
      267.06385803222656,
      287.66033935546875,
      317.2519836425781,
      349.0715026855469,
      378.67266845703125,
      418.52488708496094,
      452.36029052734375,
      466.8988571166992,
      501.9288330078125,
      529.7682800292969,
      579.2337799072266
    ],
    "horizontal_lines": [
      109.83745702107747,
      139.52580642700195,
      173.4040412902832,
      203.07835896809897,
      236.460812886556,
      269.78665924072266,
      358.8657989501953,
      390.8802795410156,
      426.97010803222656,
      457.06578063964844
    ],
    "grid_points": 150
  },
  "ir_clahe_topmask": {
    "detections": 25,
    "vertical_candidates": 11,
    "horizontal_candidates": 13,
    "vertical_lines": [
      152.88091278076172,
      184.30113220214844,
      213.80946350097656,
      224.71772003173828,
      237.15696716308594,
      271.14488220214844,
      305.10411071777344,
      337.0887756347656,
      365.6678161621094,
      402.17665100097656,
      412.6454162597656
    ],
    "horizontal_lines": [
      107.15074157714844,
      134.2145118713379,
      169.31373977661133,
      200.0637435913086,
      333.2765579223633,
      359.79815673828125,
      390.5195617675781,
      422.87744140625
    ],
    "grid_points": 88
  },
  "fused": {
    "vertical_lines": [
      93.53219985961914,
      114.40567779541016,
      131.80025482177734,
      152.88091278076172,
      181.52853775024414,
      210.84177017211914,
      226.07188034057617,
      236.29262924194336,
      245.0227394104004,
      254.59452056884766,
      268.46306864420575,
      289.1175079345703,
      305.10411071777344,
      319.8234329223633,
      337.0887756347656,
      349.6819839477539,
      365.6678161621094,
      377.7964096069336,
      402.17665100097656,
      413.8240331013997,
      448.3728485107422,
      464.19884490966797,
      491.9169921875,
      501.9288330078125,
      519.6755676269531,
      529.7682800292969,
      562.0873718261719,
      579.2337799072266
    ],
    "horizontal_lines": [
      108.51807488335503,
      136.238205464681,
      169.060791015625,
      198.6338053809272,
      214.28187561035156,
      236.460812886556,
      269.78665924072266,
      331.1223564147949,
      358.2365417480469,
      389.31434122721356,
      418.91597747802734,
      426.97010803222656,
      457.06578063964844
    ],
    "grid_points": 364,
    "points_preview": [
      {
        "idx": 1,
        "pixel": [
          94,
          109
        ]
      },
      {
        "idx": 2,
        "pixel": [
          114,
          109
        ]
      },
      {
        "idx": 3,
        "pixel": [
          132,
          109
        ]
      },
      {
        "idx": 4,
        "pixel": [
          153,
          109
        ]
      },
      {
        "idx": 5,
        "pixel": [
          182,
          109
        ]
      },
      {
        "idx": 6,
        "pixel": [
          211,
          109
        ]
      },
      {
        "idx": 7,
        "pixel": [
          226,
          109
        ]
      },
      {
        "idx": 8,
        "pixel": [
          236,
          109
        ]
      },
      {
        "idx": 9,
        "pixel": [
          245,
          109
        ]
      },
      {
        "idx": 10,
        "pixel": [
          255,
          109
        ]
      },
      {
        "idx": 11,
        "pixel": [
          268,
          109
        ]
      },
      {
        "idx": 12,
        "pixel": [
          289,
          109
        ]
      },
      {
        "idx": 13,
        "pixel": [
          305,
          109
        ]
      },
      {
        "idx": 14,
        "pixel": [
          320,
          109
        ]
      },
      {
        "idx": 15,
        "pixel": [
          337,
          109
        ]
      },
      {
        "idx": 16,
        "pixel": [
          350,
          109
        ]
      },
      {
        "idx": 17,
        "pixel": [
          366,
          109
        ]
      },
      {
        "idx": 18,
        "pixel": [
          378,
          109
        ]
      },
      {
        "idx": 19,
        "pixel": [
          402,
          109
        ]
      },
      {
        "idx": 20,
        "pixel": [
          414,
          109
        ]
      }
    ]
  }
}