{
  "plane_normal": [
    0.0017852776201177588,
    0.02575699905243972,
    0.9996666393271468
  ],
  "plane_d": -2365.5085140459823,
  "zero_level": -12.790783932760405,
  "valid_ratio_after_top_only_mask": 0.836103515625
}