{
  "method1_morph_projection": {
    "vertical_lines": [
      54.0,
      116.0,
      146.0,
      158.0,
      177.0,
      191.0,
      206.0,
      216.0,
      236.0,
      251.0,
      269.0,
      299.0,
      332.0,
      343.0,
      363.0,
      390.0,
      420.0,
      450.0,
      495.0,
      516.0,
      575.0
    ],
    "horizontal_lines": [
      131.0,
      157.0,
      181.0,
      197.0,
      210.0,
      226.0,
      251.0,
      266.0,
      283.0,
      311.0,
      324.0,
      347.0,
      361.0,
      379.0,
      391.0,
      416.0,
      452.0,
      466.0
    ],
    "grid_points": 378
  },
  "method2_lsd_cluster": {
    "vertical_lines": [
      166.38722229003906,
      218.6050567626953,
      286.6897735595703,
      315.6088409423828,
      347.6739273071289,
      376.4580891927083,
      407.1815490722656,
      473.2538070678711,
      503.86614990234375,
      533.1485595703125
    ],
    "horizontal_lines": [
      107.55413818359375,
      170.43357467651367,
      201.46099853515625,
      234.24052047729492,
      267.96922302246094,
      300.67425537109375,
      327.97887420654297,
      352.73077392578125,
      385.4406204223633,
      418.77176666259766
    ],
    "grid_points": 100
  },
  "method3_mask_projection": {
    "vertical_lines": [
      95.0,
      133.0,
      226.0,
      288.0,
      318.0,
      349.0,
      378.0,
      459.0,
      473.0,
      501.0,
      532.0,
      578.0
    ],
    "horizontal_lines": [
      110.0,
      139.0,
      172.0,
      203.0,
      234.0,
      269.0,
      362.0,
      391.0,
      424.0,
      455.0
    ],
    "grid_points": 120
  },
  "method4_regular_grid_fit": {
    "vertical_step_px": 30,
    "horizontal_step_px": 31,
    "vertical_lines": [
      98.0,
      119.0,
      149.0,
      179.0,
      216.0,
      251.0,
      269.0,
      299.0,
      334.0,
      362.0,
      390.0,
      431.0,
      450.0,
      485.0,
      509.0,
      539.0,
      575.0
    ],
    "horizontal_lines": [
      114.0,
      133.0,
      164.0,
      195.0,
      226.0,
      257.0,
      290.0,
      323.0,
      350.0,
      381.0,
      420.0,
      453.0
    ],
    "grid_points": 204
  },
  "method5_lsd_fill": {
    "vertical_step_px": 29.947376251220703,
    "horizontal_step_px": 32.70743942260742,
    "vertical_lines": [
      166.4,
      196.3,
      218.6,
      248.6,
      286.7,
      315.6,
      347.7,
      376.5,
      407.2,
      437.1,
      473.3,
      503.9,
      533.1
    ],
    "horizontal_lines": [
      107.6,
      140.3,
      170.4,
      201.5,
      234.2,
      268.0,
      300.7,
      328.0,
      352.7,
      385.4,
      418.8
    ],
    "grid_points": 143
  }
}